{
    "EX_ac_e": null,
    "EX_ala__D_e": null,
    "EX_alaala_e": null,
    "EX_alltn_e": null,
    "EX_arab__L_e": null,
    "EX_araban__L_e": null,
    "EX_arg__L_e": null,
    "EX_asn__L_e": null,
    "EX_asp__L_e": null,
    "EX_btd_RR_e": null,
    "EX_btn_e": null,
    "EX_btoh_e": null,
    "EX_but_e": null,
    "EX_ca2_e": null,
    "EX_citr__L_e_1": null,
    "EX_cl_e": null,
    "EX_co2_e": null,
    "EX_co_e": null,
    "EX_cobalt2_e": null,
    "EX_csn_e": null,
    "EX_cu2_e": null,
    "EX_cys__L_e": null,
    "EX_etoh_e": null,
    "EX_fe2_e": null,
    "EX_fol_e": null,
    "EX_for_e": null,
    "EX_fru_e": null,
    "EX_gal_e": null,
    "EX_galctn__D_e": null,
    "EX_galur_e": null,
    "EX_glc__D_e": null,
    "EX_glcn_e": null,
    "EX_glcur_e": null,
    "EX_gln__L_e": null,
    "EX_glu__L_e": null,
    "EX_gly_e": null,
    "EX_glyb_e": null,
    "EX_glyc_e": null,
    "EX_h2_e": null,
    "EX_h2o_e": null,
    "EX_h_e": null,
    "EX_his__L_e": null,
    "EX_ile__L_e": null,
    "EX_k_e": null,
    "EX_lac__D_e": null,
    "EX_lac__L_e": null,
    "EX_leu__L_e": null,
    "EX_lys__L_e": null,
    "EX_malt_e": null,
    "EX_malthx_e": null,
    "EX_malttr_e": null,
    "EX_man_e": null,
    "EX_met__L_e": null,
    "EX_mg2_e": null,
    "EX_mn2_e": null,
    "EX_mobd_e": null,
    "EX_murein4p3p_e": null,
    "EX_murein4p4p_e": null,
    "EX_murein4px4p_e": null,
    "EX_murein4px4px4p_e": null,
    "EX_murein5p3p_e": null,
    "EX_murein5p4p_e": null,
    "EX_murein5p5p5p_e": null,
    "EX_murein5p5p_e": null,
    "EX_murein5px3p_e": null,
    "EX_murein5px4p_e": null,
    "EX_murein5px4px4p_e": null,
    "EX_na1_e": null,
    "EX_nh4_e": null,
    "EX_ni2_e": null,
    "EX_no2_e": null,
    "EX_no3_e": null,
    "EX_pi_e": null,
    "EX_pro__L_e": null,
    "EX_ptrc_e": null,
    "EX_pydxn_e": null,
    "EX_pyr_e": null,
    "EX_rib__D_e": null,
    "EX_ribflv_e": null,
    "EX_rmn_e": null,
    "EX_ser__D_e": null,
    "EX_ser__L_e": null,
    "EX_so4_e": null,
    "EX_spmd_e": null,
    "EX_taur_e": null,
    "EX_thm_e": null,
    "EX_trp__L_e": null,
    "EX_uaagmda_e": null,
    "EX_udcpdp_e": null,
    "EX_udcpp_e": null,
    "EX_ura_e": null,
    "EX_val__L_e": null,
    "EX_xan_e": null,
    "EX_xyl__D_e": null,
    "EX_zn2_e": null
}