{
    "EX_2obut_e": null,
    "EX_3httdca_e": null,
    "EX_3mb_e": null,
    "EX_4crsol_e": null,
    "EX_4hba_e": null,
    "EX_4hbald_e": null,
    "EX_4hbz_e": null,
    "EX_Lcyst_e": null,
    "EX_ac_e": null,
    "EX_aso4_e": null,
    "EX_btoh_e": null,
    "EX_but_e": null,
    "EX_butso3_e": null,
    "EX_bz_e": null,
    "EX_bzal_e": null,
    "EX_bzalc_e": null,
    "EX_ca2_e": null,
    "EX_cd2_e": null,
    "EX_cl_e": null,
    "EX_co2_e": null,
    "EX_cobalt2_e": null,
    "EX_cro4_e": null,
    "EX_cu2_e": null,
    "EX_cu_e": null,
    "EX_ddca_e": null,
    "EX_elao_e": null,
    "EX_elar_e": null,
    "EX_elco_e": null,
    "EX_elcr_e": null,
    "EX_ethso3_e": null,
    "EX_etoh_e": null,
    "EX_fe2_e": null,
    "EX_fe3_e": null,
    "EX_for_e": null,
    "EX_galur_e": null,
    "EX_glcur_e": null,
    "EX_glyc_e": null,
    "EX_gm1lipa_e": null,
    "EX_gm1lipb_e": null,
    "EX_gm2lipa_e": null,
    "EX_gua_e": null,
    "EX_h2_e": null,
    "EX_h2o_e": null,
    "EX_h_e": null,
    "EX_hdca_e": null,
    "EX_hdcea_e": null,
    "EX_hxan_e": null,
    "EX_ibt_e": null,
    "EX_ile__L_e": null,
    "EX_isetac_e": null,
    "EX_k_e": null,
    "EX_kdo2lipid4_e": null,
    "EX_kdo2lipid4b_e": null,
    "EX_leu__L_e": null,
    "EX_lipa_e": null,
    "EX_lipb_e": null,
    "EX_lys__L_e": null,
    "EX_meoh_e": null,
    "EX_mg2_e": null,
    "EX_mn2_e": null,
    "EX_mn4_e": null,
    "EX_mobd_e": null,
    "EX_mso3_e": null,
    "EX_n2_e": null,
    "EX_na1_e": null,
    "EX_nh4_e": null,
    "EX_ni2_e": null,
    "EX_no2_e": null,
    "EX_no3_e": null,
    "EX_ocdca_e": null,
    "EX_ocdcea_e": null,
    "EX_oxa_e": null,
    "EX_phenol_e": null,
    "EX_pi_e": null,
    "EX_ppa_e": null,
    "EX_ppoh_e": null,
    "EX_pta_e": null,
    "EX_pyr_e": null,
    "EX_so3_e": null,
    "EX_so4_e": null,
    "EX_sulfac_e": null,
    "EX_taur_e": null,
    "EX_tc4_e": null,
    "EX_tc7_e": null,
    "EX_tol_e": null,
    "EX_tsul_e": null,
    "EX_ttdca_e": null,
    "EX_ttdcea_e": null,
    "EX_tungs_e": null,
    "EX_u4_e": null,
    "EX_u6_e": null,
    "EX_v4_e": null,
    "EX_v5_e": null,
    "EX_val__L_e": null,
    "EX_zn2_e": null
}