{
    "EX_C01659_e": null,
    "EX_ac_e": null,
    "EX_acac_e": null,
    "EX_acald_e": null,
    "EX_ad_e": null,
    "EX_ade_e": null,
    "EX_adn_e": null,
    "EX_akg_e": null,
    "EX_ala__D_e": null,
    "EX_ala__L_e": null,
    "EX_arg__L_e": null,
    "EX_asn__L_e": null,
    "EX_asp__L_e": null,
    "EX_cit_e": null,
    "EX_co2_e": null,
    "EX_cys__L_e": null,
    "EX_cytd_e": null,
    "EX_dad_2_e": null,
    "EX_dcyt_e": null,
    "EX_duri_e": null,
    "EX_etoh_e": null,
    "EX_fe2_e": null,
    "EX_fe3_e": null,
    "EX_for_e": null,
    "EX_fum_e": null,
    "EX_gal_e": null,
    "EX_glc__D_e": null,
    "EX_gln__L_e": null,
    "EX_glu__L_e": null,
    "EX_gly_e": null,
    "EX_gsn_e": null,
    "EX_gua_e": null,
    "EX_h2_e": null,
    "EX_h2co3_e": null,
    "EX_h2o_e": null,
    "EX_h_e": null,
    "EX_his__L_e": null,
    "EX_hxan_e": null,
    "EX_ile__L_e": null,
    "EX_lac__L_e": null,
    "EX_leu__L_e": null,
    "EX_lys__L_e": null,
    "EX_mal__L_e": null,
    "EX_met__L_e": null,
    "EX_na1_e": null,
    "EX_nh4_e": null,
    "EX_ni2_e": null,
    "EX_nmn_e": null,
    "EX_no2_e": null,
    "EX_no3_e": null,
    "EX_no_e": null,
    "EX_o2_e": null,
    "EX_orn_e": null,
    "EX_orot_e": null,
    "EX_phe__L_e": null,
    "EX_pheme_e": null,
    "EX_pi_e": null,
    "EX_pime_e": null,
    "EX_pro__L_e": null,
    "EX_pyr_e": null,
    "EX_ser__D_e": null,
    "EX_ser__L_e": null,
    "EX_so4_e": null,
    "EX_succ_e": null,
    "EX_thm_e": null,
    "EX_thr__L_e": null,
    "EX_thymd_e": null,
    "EX_trp__L_e": null,
    "EX_tyr__L_e": null,
    "EX_ura_e": null,
    "EX_urea_e": null,
    "EX_uri_e": null,
    "EX_val__L_e": null,
    "EX_xan_e": null
}