{
    "EX_10fthf5glu_e": null,
    "EX_10fthf6glu_e": null,
    "EX_10fthf7glu_e": null,
    "EX_10fthf_e": null,
    "EX_11_cis_retfa_e": null,
    "EX_13_cis_retnglc_e": null,
    "EX_1glyc_hs_e": null,
    "EX_1mncam_e": null,
    "EX_2425dhvitd2_e": null,
    "EX_2425dhvitd3_e": null,
    "EX_24nph_e": null,
    "EX_25hvitd2_e": null,
    "EX_25hvitd3_e": null,
    "EX_2hb_e": null,
    "EX_2mcit_e": null,
    "EX_34dhoxpeg_e": null,
    "EX_34dhphe_e": null,
    "EX_35cgmp_e": null,
    "EX_3aib__D_e": null,
    "EX_3aib_e": null,
    "EX_3mlda_e": null,
    "EX_4abut_e": null,
    "EX_4hdebrisoquine_e": null,
    "EX_4hphac_e": null,
    "EX_4mtolbutamide_e": null,
    "EX_4nph_e": null,
    "EX_4nphsf_e": null,
    "EX_4pyrdx_e": null,
    "EX_5adtststerone_e": null,
    "EX_5adtststeroneglc_e": null,
    "EX_5adtststerones_e": null,
    "EX_5dhf_e": null,
    "EX_5fthf_e": null,
    "EX_5homeprazole_e": null,
    "EX_5htrp_e": null,
    "EX_5mthf_e": null,
    "EX_5thf_e": null,
    "EX_6dhf_e": null,
    "EX_6htststerone_e": null,
    "EX_6thf_e": null,
    "EX_7dhf_e": null,
    "EX_7thf_e": null,
    "EX_9_cis_retfa_e": null,
    "EX_CLPND_e": null,
    "EX_Lcystin_e": null,
    "EX_Rtotal2_e": null,
    "EX_Rtotal3_e": null,
    "EX_Rtotal_e": null,
    "EX_Tyr_ggn_e": null,
    "EX_abt_e": null,
    "EX_ac_e": null,
    "EX_acac_e": null,
    "EX_acald_e": null,
    "EX_acetone_e": null,
    "EX_acgalfucgalacgalfuc12gal14acglcgalgluside_hs_e": null,
    "EX_acgalfucgalacgalfucgalacglcgal14acglcgalgluside_hs_e": null,
    "EX_acgam_e": null,
    "EX_ach_e": null,
    "EX_acn13acngalgbside_hs_e": null,
    "EX_acn23acngalgbside_hs_e": null,
    "EX_acnacngal14acglcgalgluside_hs_e": null,
    "EX_acnacngalgbside_hs_e": null,
    "EX_acngalacglcgal14acglcgalgluside_hs_e": null,
    "EX_ade_e": null,
    "EX_adn_e": null,
    "EX_adp": null,
    "EX_adprbp_e": null,
    "EX_adprib_e": null,
    "EX_adrn_e": null,
    "EX_adrnl_e": null,
    "EX_aflatoxin_e": null,
    "EX_ahandrostanglc_e": null,
    "EX_ak2lgchol_hs_e": null,
    "EX_akg_e": null,
    "EX_ala_B_e": null,
    "EX_ala__D_e": null,
    "EX_ala__L_e": null,
    "EX_aldstrn_e": null,
    "EX_amp_e": null,
    "EX_andrstrn_e": null,
    "EX_andrstrnglc_e": null,
    "EX_antipyrene_e": null,
    "EX_apnnox_e": null,
    "EX_appnn_e": null,
    "EX_aprgstrn_e": null,
    "EX_aqcobal_e": null,
    "EX_arab__L_e": null,
    "EX_arach_e": null,
    "EX_arachd_e": null,
    "EX_arg__L_e": null,
    "EX_ascb__L_e": null,
    "EX_asn__L_e": null,
    "EX_asp__D_e": null,
    "EX_asp__L_e": null,
    "EX_atp_e": null,
    "EX_avite1_e": null,
    "EX_avite2_e": null,
    "EX_bhb_e": null,
    "EX_bildglcur_e": null,
    "EX_bilglcur_e": null,
    "EX_bilirub_e": null,
    "EX_biocyt_e": null,
    "EX_btn_e": null,
    "EX_but_e": null,
    "EX_bvite_e": null,
    "EX_bz_e": null,
    "EX_ca2_e": null,
    "EX_camp_e": null,
    "EX_caro_e": null,
    "EX_carveol_e": null,
    "EX_cca_d3_e": null,
    "EX_cgly_e": null,
    "EX_chol_e": null,
    "EX_cholate_e": null,
    "EX_chsterol_e": null,
    "EX_chtn_e": null,
    "EX_cit_e": null,
    "EX_cl_e": null,
    "EX_cmp_e": null,
    "EX_co2_e": null,
    "EX_co_e": null,
    "EX_coumarin_e": null,
    "EX_creat_e": null,
    "EX_crmp_hs_e": null,
    "EX_crn_e": null,
    "EX_crvnc_e": null,
    "EX_csn_e": null,
    "EX_cspg_a_e": null,
    "EX_cspg_b_e": null,
    "EX_cspg_c_e": null,
    "EX_cspg_d_e": null,
    "EX_cspg_e_e": null,
    "EX_cyan_e": null,
    "EX_cys__L_e": null,
    "EX_cytd_e": null,
    "EX_dad_2_e": null,
    "EX_dad_5_e": null,
    "EX_dag_hs_e": null,
    "EX_dcsptn1_e": null,
    "EX_dcyt_e": null,
    "EX_debrisoquine_e": null,
    "EX_dgchol_e": null,
    "EX_dgsn_e": null,
    "EX_dhdascb_e": null,
    "EX_dheas_e": null,
    "EX_dhf_e": null,
    "EX_digalsgalside_hs_e": null,
    "EX_din_e": null,
    "EX_dlnlcg_e": null,
    "EX_dmantipyrine_e": null,
    "EX_dmhptcrn_e": null,
    "EX_dopa_e": null,
    "EX_dopasf_e": null,
    "EX_drib_e": null,
    "EX_duri_e": null,
    "EX_eaflatoxin_e": null,
    "EX_ebastine_e": null,
    "EX_ebastineoh_e": null,
    "EX_eicostet_e": null,
    "EX_elaid_e": null,
    "EX_estradiolglc_e": null,
    "EX_estriolglc_e": null,
    "EX_estroneglc_e": null,
    "EX_estrones_e": null,
    "EX_etoh_e": null,
    "EX_fe2_e": null,
    "EX_fe3_e": null,
    "EX_fol_e": null,
    "EX_for_e": null,
    "EX_fru_e": null,
    "EX_fuc13galacglcgal14acglcgalgluside_hs_e": null,
    "EX_fuc14galacglcgalgluside_hs_e": null,
    "EX_fuc__L_e": null,
    "EX_fucacgalfucgalacglcgalgluside_hs_e": null,
    "EX_fucacngal14acglcgalgluside_hs_e": null,
    "EX_fucacngalacglcgalgluside_hs_e": null,
    "EX_fucfuc12gal14acglcgalgluside_hs_e": null,
    "EX_fucfuc132galacglcgal14acglcgalgluside_hs_e": null,
    "EX_fucfucfucgalacglc13galacglcgal14acglcgalgluside_hs_e": null,
    "EX_fucfucfucgalacglcgal14acglcgalgluside_hs_e": null,
    "EX_fucfucgalacglcgalgluside_hs_e": null,
    "EX_fucgal14acglcgalgluside_hs_e": null,
    "EX_fucgalfucgalacglcgalgluside_hs_e": null,
    "EX_fucgalgbside_hs_e": null,
    "EX_gal_e": null,
    "EX_galacglcgalgbside_hs_e": null,
    "EX_galfuc12gal14acglcgalgluside_hs_e": null,
    "EX_galfucgalacglcgal14acglcgalgluside_hs_e": null,
    "EX_galgalfucfucgalacglcgalacglcgal14acglcgalgluside_hs_e": null,
    "EX_galgalgalthcrm_hs_e": null,
    "EX_gam_e": null,
    "EX_gbside_hs_e": null,
    "EX_gchola_e": null,
    "EX_gd1b2_hs_e": null,
    "EX_gd1c_hs_e": null,
    "EX_gdchola_e": null,
    "EX_gdp_e": null,
    "EX_glc__D_e": null,
    "EX_gln__L_e": null,
    "EX_glu__L_e": null,
    "EX_gluala_e": null,
    "EX_gly_e": null,
    "EX_glyb_e": null,
    "EX_glyc__S_e": null,
    "EX_glyc_e": null,
    "EX_glygn2_e": null,
    "EX_glygn4_e": null,
    "EX_glygn5_e": null,
    "EX_gmp_e": null,
    "EX_gp1c_hs_e": null,
    "EX_gp1calpha_hs_e": null,
    "EX_gq1b_hs_e": null,
    "EX_gq1balpha_hs_e": null,
    "EX_gsn_e": null,
    "EX_gt1a_hs_e": null,
    "EX_gthox_e": null,
    "EX_gthrd_e": null,
    "EX_gtp_e": null,
    "EX_gua_e": null,
    "EX_h2o2_e": null,
    "EX_h2o_e": null,
    "EX_h_e": null,
    "EX_ha_e": null,
    "EX_ha_pre1_e": null,
    "EX_hco3_e": null,
    "EX_hcoumarin_e": null,
    "EX_hdca_e": null,
    "EX_hdcea_e": null,
    "EX_hestratriol_e": null,
    "EX_hexc_e": null,
    "EX_his__L_e": null,
    "EX_hista_e": null,
    "EX_hom__L_e": null,
    "EX_hpdca_e": null,
    "EX_hspg_e": null,
    "EX_htaxol_e": null,
    "EX_hxan_e": null,
    "EX_i_e": null,
    "EX_idp_e": null,
    "EX_ile__L_e": null,
    "EX_imp_e": null,
    "EX_inost_e": null,
    "EX_ins_e": null,
    "EX_k_e": null,
    "EX_ksi_deg1_e": null,
    "EX_ksi_e": null,
    "EX_ksii_core2_e": null,
    "EX_ksii_core4_e": null,
    "EX_lac__D_e": null,
    "EX_lac__L_e": null,
    "EX_lcts_e": null,
    "EX_leu__L_e": null,
    "EX_leuktrC4_e": null,
    "EX_lgnc_e": null,
    "EX_limnen_e": null,
    "EX_lipoate_e": null,
    "EX_lneldc_e": null,
    "EX_lnlc_e": null,
    "EX_lnlnca_e": null,
    "EX_lnlncg_e": null,
    "EX_lpchol_hs_e": null,
    "EX_lys__L_e": null,
    "EX_mag_hs_e": null,
    "EX_malt_e": null,
    "EX_malttr_e": null,
    "EX_man_e": null,
    "EX_meoh_e": null,
    "EX_mepi_e": null,
    "EX_mercplaccys_e": null,
    "EX_met__L_e": null,
    "EX_mthgxl_e": null,
    "EX_n2m2nmasn_e": null,
    "EX_na1_e": null,
    "EX_nac_e": null,
    "EX_nad_e": null,
    "EX_nadp_e": null,
    "EX_ncam_e": null,
    "EX_nh4_e": null,
    "EX_nifedipine_e": null,
    "EX_no_e": null,
    "EX_npthl_e": null,
    "EX_nrpphr_e": null,
    "EX_nrpphrsf_e": null,
    "EX_nrvnc_e": null,
    "EX_o2_e": null,
    "EX_o2s_e": null,
    "EX_oagd3_hs_e": null,
    "EX_oagt3_hs_e": null,
    "EX_ocdca_e": null,
    "EX_ocdcea_e": null,
    "EX_octa_e": null,
    "EX_oh1": null,
    "EX_omeprazole_e": null,
    "EX_onpthl_e": null,
    "EX_orn_e": null,
    "EX_oxa_e": null,
    "EX_paf_hs_e": null,
    "EX_pchol_hs_e": null,
    "EX_pe_hs_e": null,
    "EX_peplys_e": null,
    "EX_perillyl_e": null,
    "EX_pglyc_hs_e": null,
    "EX_phe__L_e": null,
    "EX_pheacgln_e": null,
    "EX_pheme_e": null,
    "EX_phyQ_e": null,
    "EX_phyt_e": null,
    "EX_pi_e": null,
    "EX_pnto__R_e": null,
    "EX_ppa_e": null,
    "EX_pro__D_e": null,
    "EX_pro__L_e": null,
    "EX_prostgd2_e": null,
    "EX_prostge1_e": null,
    "EX_prostge2_e": null,
    "EX_prostgf2_e": null,
    "EX_ps_hs_e": null,
    "EX_ptdca_e": null,
    "EX_pydam_e": null,
    "EX_pydx_e": null,
    "EX_pydxn_e": null,
    "EX_pyr_e": null,
    "EX_rbt_e": null,
    "EX_retfa_e": null,
    "EX_retinol_9_cis_e": null,
    "EX_retinol_cis_11_e": null,
    "EX_retinol_e": null,
    "EX_retn_e": null,
    "EX_retnglc_e": null,
    "EX_retpalm_copy1": null,
    "EX_retpalm_copy2": null,
    "EX_rib__D_e": null,
    "EX_ribflv_e": null,
    "EX_s2l2fn2m2masn_e": null,
    "EX_s2l2n2m2masn_e": null,
    "EX_sarcs_e": null,
    "EX_sel_e": null,
    "EX_ser__D_e": null,
    "EX_ser__L_e": null,
    "EX_sl__L_e": null,
    "EX_so4_e": null,
    "EX_spc_hs_e": null,
    "EX_sph1p_e": null,
    "EX_sphs1p_e": null,
    "EX_srtn_e": null,
    "EX_strch1_e": null,
    "EX_strch2_e": null,
    "EX_strdnc_e": null,
    "EX_succ_e": null,
    "EX_sucr_e": null,
    "EX_tag_hs_e": null,
    "EX_tagat__D_e": null,
    "EX_taur_e": null,
    "EX_taxol_e": null,
    "EX_tchola_e": null,
    "EX_tcynt_e": null,
    "EX_tdchola_e": null,
    "EX_tethex3_e": null,
    "EX_tetpent3_e": null,
    "EX_tetpent6_e": null,
    "EX_tettet6_e": null,
    "EX_thf_e": null,
    "EX_thm_e": null,
    "EX_thmmp_e": null,
    "EX_thmtp_e": null,
    "EX_thr__L_e": null,
    "EX_thym_e": null,
    "EX_thymd_e": null,
    "EX_thyox__L_e": null,
    "EX_tmndnc_e": null,
    "EX_tolbutamide_e": null,
    "EX_tre_e": null,
    "EX_triodthy_e": null,
    "EX_triodthysuf_e": null,
    "EX_trp__L_e": null,
    "EX_tststeroneglc_e": null,
    "EX_tststerones_e": null,
    "EX_tsul_e": null,
    "EX_ttdca_e": null,
    "EX_txa2_e": null,
    "EX_tymsf_e": null,
    "EX_tyr__L_e": null,
    "EX_udp_e": null,
    "EX_ump_e": null,
    "EX_ura_e": null,
    "EX_urate_e": null,
    "EX_urea_e": null,
    "EX_uri_e": null,
    "EX_utp_e": null,
    "EX_vacc_e": null,
    "EX_val__L_e": null,
    "EX_vitd2_e": null,
    "EX_vitd3_e": null,
    "EX_whddca_e": null,
    "EX_whhdca_e": null,
    "EX_whtststerone_e": null,
    "EX_whttdca_e": null,
    "EX_xolest2_hs_e": null,
    "EX_xolest_hs_e": null,
    "EX_xoltri24_e": null,
    "EX_xoltri25_e": null,
    "EX_xoltri27_e": null,
    "EX_xyl__D_e": null,
    "EX_xylt_e": null,
    "EX_yvite_e": null
}