{
    "EX_4abz_e": null,
    "EX_4hphac_e": null,
    "EX_ac_e": null,
    "EX_actn__R_e": null,
    "EX_ala__L_e": null,
    "EX_alac__S_e": null,
    "EX_btn_e": null,
    "EX_ca2_e": null,
    "EX_cbi_e": null,
    "EX_cbl1_e": null,
    "EX_cbl1hbi_e": null,
    "EX_cd2_e": null,
    "EX_ch4_e": null,
    "EX_ch4s_e": null,
    "EX_cit_e": null,
    "EX_cl_e": null,
    "EX_co2_e": null,
    "EX_co_e": null,
    "EX_cobalt2_e": null,
    "EX_cu2_e": null,
    "EX_cys__L_e": null,
    "EX_dma_e": null,
    "EX_dms_e": null,
    "EX_etha_e": null,
    "EX_fe2_e": null,
    "EX_fe3_e": null,
    "EX_fol_e": null,
    "EX_gcald_e": null,
    "EX_glcn_e": null,
    "EX_glu__L_e": null,
    "EX_gly_e": null,
    "EX_glyald_e": null,
    "EX_glyb_e": null,
    "EX_glyc_e": null,
    "EX_h2_e": null,
    "EX_h2o_e": null,
    "EX_h2s_e": null,
    "EX_h_e": null,
    "EX_ile__L_e": null,
    "EX_ind3ac_e": null,
    "EX_k_e": null,
    "EX_leu__L_e": null,
    "EX_lys__L_e": null,
    "EX_meoh_e": null,
    "EX_mg2_e": null,
    "EX_mma_e": null,
    "EX_mn2_e": null,
    "EX_mobd_e": null,
    "EX_n2_e": null,
    "EX_na1_e": null,
    "EX_nac_e": null,
    "EX_nh4_e": null,
    "EX_ni2_e": null,
    "EX_pac_e": null,
    "EX_pi_e": null,
    "EX_pnto__R_e": null,
    "EX_pro__L_e": null,
    "EX_pyr_e": null,
    "EX_ribflv_e": null,
    "EX_s_e": null,
    "EX_so3_e": null,
    "EX_so4_e": null,
    "EX_thm_e": null,
    "EX_tma_e": null,
    "EX_tsul_e": null,
    "EX_unknown_cbl1deg_e": null,
    "EX_unknown_rbfdeg_e": null,
    "EX_urea_e": null,
    "EX_val__L_e": null,
    "EX_zn2_e": null
}