{
    "EX_acysbmn_e": null,
    "EX_ala_B_e": null,
    "EX_ala__D_e": null,
    "EX_ala__L_e": null,
    "EX_arab__D_e": null,
    "EX_arab__L_e": null,
    "EX_arg__L_e": null,
    "EX_asn__L_e": null,
    "EX_asp__L_e": null,
    "EX_atp_e": null,
    "EX_bmn_e": null,
    "EX_ca2_e": null,
    "EX_chol_e": null,
    "EX_cit_e": null,
    "EX_cl_e": null,
    "EX_co2_e": null,
    "EX_coa_e": null,
    "EX_cobalt2_e": null,
    "EX_crn_e": null,
    "EX_cu2_e": null,
    "EX_cytd_e": null,
    "EX_etha_e": null,
    "EX_fe2_e": null,
    "EX_fe3_e": null,
    "EX_fum_e": null,
    "EX_gal_e": null,
    "EX_glc_e": null,
    "EX_glu__L_e": null,
    "EX_gly_e": null,
    "EX_glyb_e": null,
    "EX_glyc3p_e": null,
    "EX_glyc_e": null,
    "EX_gthrd_e": null,
    "EX_h2_e": null,
    "EX_h2co3_e": null,
    "EX_h2o_e": null,
    "EX_h2s_e": null,
    "EX_h_e": null,
    "EX_hdca_e": null,
    "EX_his__L_e": null,
    "EX_id3acald_e": null,
    "EX_ile__L_e": null,
    "EX_k_e": null,
    "EX_lac__L_e": null,
    "EX_lcts_e": null,
    "EX_leu__L_e": null,
    "EX_lys__L_e": null,
    "EX_mal__L_e": null,
    "EX_malt_e": null,
    "EX_malthp_e": null,
    "EX_meoh_e": null,
    "EX_met__L_e": null,
    "EX_mg2_e": null,
    "EX_na1_e": null,
    "EX_nh4_e": null,
    "EX_no2_e": null,
    "EX_no3_e": null,
    "EX_no_e": null,
    "EX_o2_e": null,
    "EX_ocdca_e": null,
    "EX_orn_e": null,
    "EX_pac_e": null,
    "EX_pdima_e": null,
    "EX_phdca_e": null,
    "EX_phe__L_e": null,
    "EX_pi_e": null,
    "EX_ppa_e": null,
    "EX_ppdima_e": null,
    "EX_pro__L_e": null,
    "EX_pyr_e": null,
    "EX_rib__D_e": null,
    "EX_ser__D_e": null,
    "EX_ser__L_e": null,
    "EX_skm_e": null,
    "EX_so4_e": null,
    "EX_succ_e": null,
    "EX_tartr__L_e": null,
    "EX_thr__L_e": null,
    "EX_tre_e": null,
    "EX_trp__L_e": null,
    "EX_tsul_e": null,
    "EX_ttdca_e": null,
    "EX_tyr__L_e": null,
    "EX_val__L_e": null,
    "EX_xyl__D_e": null,
    "H2Ot": null
}