{
    "EX_2ddglcn_e": null,
    "EX_2dhglcn_e": null,
    "EX_34dhbz_e": null,
    "EX_34dhcinm_e": null,
    "EX_3oxoadp_e": null,
    "EX_4abut_e": null,
    "EX_4hbz_e": null,
    "EX_T4hcinnm_e": null,
    "EX_ac_e": null,
    "EX_acon_C_e": null,
    "EX_akg_e": null,
    "EX_ala__L_e": null,
    "EX_arg__L_e": null,
    "EX_asp__L_e": null,
    "EX_bz_e": null,
    "EX_catechol_e": null,
    "EX_chol_e": null,
    "EX_chols_e": null,
    "EX_cit_e": null,
    "EX_co2_e": null,
    "EX_cobalt2_e": null,
    "EX_confrl_e": null,
    "EX_crn_e": null,
    "EX_cys__L_e": null,
    "EX_dca_e": null,
    "EX_ddca_e": null,
    "EX_ethso3_e": null,
    "EX_fe2_e": null,
    "EX_fer_e": null,
    "EX_fru_e": null,
    "EX_fum_e": null,
    "EX_ga_e": null,
    "EX_glc__D_e": null,
    "EX_glcn_e": null,
    "EX_glu__L_e": null,
    "EX_gly_e": null,
    "EX_glyald_e": null,
    "EX_glyb_e": null,
    "EX_glyc_e": null,
    "EX_glyclt_e": null,
    "EX_h2_e": null,
    "EX_h2o_e": null,
    "EX_h_e": null,
    "EX_hco3_e": null,
    "EX_hdca_e": null,
    "EX_his__L_e": null,
    "EX_hxa_e": null,
    "EX_icit_e": null,
    "EX_ile__L_e": null,
    "EX_isetac_e": null,
    "EX_lac__D_e": null,
    "EX_lac__L_e": null,
    "EX_leu__L_e": null,
    "EX_lys__L_e": null,
    "EX_m_xyl_e": null,
    "EX_mal__L_e": null,
    "EX_met__L_e": null,
    "EX_mso3_e": null,
    "EX_na1_e": null,
    "EX_nac_e": null,
    "EX_nh4_e": null,
    "EX_ni2_e": null,
    "EX_no2_e": null,
    "EX_o2_e": null,
    "EX_octa_e": null,
    "EX_orn_e": null,
    "EX_p_xyl_e": null,
    "EX_pac_e": null,
    "EX_pentso3_e": null,
    "EX_phe__L_e": null,
    "EX_pi_e": null,
    "EX_pro__L_e": null,
    "EX_ptrc_e": null,
    "EX_quin_kt_e": null,
    "EX_rib__D_e": null,
    "EX_ser__L_e": null,
    "EX_so4_e": null,
    "EX_spmd_e": null,
    "EX_succ_e": null,
    "EX_taur_e": null,
    "EX_thr__L_e": null,
    "EX_tol_e": null,
    "EX_tsul_e": null,
    "EX_ttdca_e": null,
    "EX_tyr__L_e": null,
    "EX_val__L_e": null,
    "EX_vanln_e": null,
    "EX_vanlt_e": null
}