{
    "EX_13BDglcn_e": null,
    "EX_2hb_e": null,
    "EX_2mbac_e": null,
    "EX_2mbald_e": null,
    "EX_2mbtoh_e": null,
    "EX_2mppal_e": null,
    "EX_2phetoh_e": null,
    "EX_3c3hmp_e": null,
    "EX_3mbald_e": null,
    "EX_3mop_e": null,
    "EX_4abut_e": null,
    "EX_4abz_e": null,
    "EX_5aop_e": null,
    "EX_8aonn_e": null,
    "EX_Nbfortyr_e": null,
    "EX_abt_e": null,
    "EX_ac_e": null,
    "EX_acald_e": null,
    "EX_aces_e": null,
    "EX_ade_e": null,
    "EX_adn_e": null,
    "EX_akg_e": null,
    "EX_ala__L_e": null,
    "EX_alltn_e": null,
    "EX_alltt_e": null,
    "EX_amet_e": null,
    "EX_arab__D_e": null,
    "EX_arab__L_e": null,
    "EX_arg__L_e": null,
    "EX_asn__L_e": null,
    "EX_asp__L_e": null,
    "EX_btd_RR_e": null,
    "EX_btn_e": null,
    "EX_chol_e": null,
    "EX_cit_e": null,
    "EX_co2_e": null,
    "EX_crn_e": null,
    "EX_csn_e": null,
    "EX_cys__L_e": null,
    "EX_cytd_e": null,
    "EX_dad_2_e": null,
    "EX_dann_e": null,
    "EX_dca_e": null,
    "EX_dcyt_e": null,
    "EX_ddca_e": null,
    "EX_dgsn_e": null,
    "EX_din_e": null,
    "EX_dttp_e": null,
    "EX_duri_e": null,
    "EX_epist_e": null,
    "EX_epistest_SC_e": null,
    "EX_ergst_e": null,
    "EX_ergstest_SC_e": null,
    "EX_etha_e": null,
    "EX_etoh_e": null,
    "EX_fe2_e": null,
    "EX_fecost_e": null,
    "EX_fecostest_SC_e": null,
    "EX_fmn_e": null,
    "EX_for_e": null,
    "EX_fru_e": null,
    "EX_fum_e": null,
    "EX_g3pc_e": null,
    "EX_g3pi_e": null,
    "EX_gal_e": null,
    "EX_galur_e": null,
    "EX_gam6p_e": null,
    "EX_gcald_e": null,
    "EX_glc__D_e": null,
    "EX_gln__L_e": null,
    "EX_glu__L_e": null,
    "EX_glx_e": null,
    "EX_gly_e": null,
    "EX_glyc_e": null,
    "EX_gsn_e": null,
    "EX_gthox_e": null,
    "EX_gthrd_e": null,
    "EX_gua_e": null,
    "EX_h2o_e": null,
    "EX_h_e": null,
    "EX_hdca_e": null,
    "EX_hdcea_e": null,
    "EX_hexc_e": null,
    "EX_his__L_e": null,
    "EX_hxan_e": null,
    "EX_iamac_e": null,
    "EX_iamoh_e": null,
    "EX_ibutac_e": null,
    "EX_ibutoh_e": null,
    "EX_id3acald_e": null,
    "EX_ile__L_e": null,
    "EX_ind3eth_e": null,
    "EX_inost_e": null,
    "EX_ins_e": null,
    "EX_k_e": null,
    "EX_lac__D_e": null,
    "EX_lac__L_e": null,
    "EX_lanost_e": null,
    "EX_lanostest_SC_e": null,
    "EX_leu__L_e": null,
    "EX_lys__L_e": null,
    "EX_mal__L_e": null,
    "EX_malt_e": null,
    "EX_man_e": null,
    "EX_melib_e": null,
    "EX_met__L_e": null,
    "EX_mmet_e": null,
    "EX_na1_e": null,
    "EX_nac_e": null,
    "EX_nadp_e": null,
    "EX_nh4_e": null,
    "EX_nmn_e": null,
    "EX_o2_e": null,
    "EX_oaa_e": null,
    "EX_ocdca_e": null,
    "EX_ocdcea_e": null,
    "EX_ocdcya_e": null,
    "EX_orn_e": null,
    "EX_pacald_e": null,
    "EX_pap_e": null,
    "EX_pc_SC_e": null,
    "EX_pectin_e": null,
    "EX_pepd_e": null,
    "EX_phe__L_e": null,
    "EX_pheac_e": null,
    "EX_pi_e": null,
    "EX_pnto__R_e": null,
    "EX_pro__L_e": null,
    "EX_ptd1ino_SC_e": null,
    "EX_ptrc_e": null,
    "EX_pyr_e": null,
    "EX_rib__D_e": null,
    "EX_ribflv_e": null,
    "EX_sbt__D_e": null,
    "EX_sbt__L_e": null,
    "EX_ser__L_e": null,
    "EX_so3_e": null,
    "EX_so4_e": null,
    "EX_spmd_e": null,
    "EX_sprm_e": null,
    "EX_srb__L_e": null,
    "EX_succ_e": null,
    "EX_sucr_e": null,
    "EX_taur_e": null,
    "EX_thm_e": null,
    "EX_thmmp_e": null,
    "EX_thmpp_e": null,
    "EX_thr__L_e": null,
    "EX_thym_e": null,
    "EX_thymd_e": null,
    "EX_tre_e": null,
    "EX_trp__L_e": null,
    "EX_ttdca_e": null,
    "EX_tyr__L_e": null,
    "EX_ura_e": null,
    "EX_urea_e": null,
    "EX_uri_e": null,
    "EX_val__L_e": null,
    "EX_xan_e": null,
    "EX_xtsn_e": null,
    "EX_xyl__D_e": null,
    "EX_xylt_e": null,
    "EX_zymst_e": null,
    "EX_zymstest_SC_e": null
}