{
    "EX_12ppd__R_e": null,
    "EX_12ppd__S_e": null,
    "EX_13ppd_e": null,
    "EX_14glucan_e": null,
    "EX_15dap_e": null,
    "EX_23camp_e": null,
    "EX_23ccmp_e": null,
    "EX_23cgmp_e": null,
    "EX_23cump_e": null,
    "EX_23dappa_e": null,
    "EX_23dhbzs3_e": null,
    "EX_26dap__M_e": null,
    "EX_2ddglcn_e": null,
    "EX_2pg_e": null,
    "EX_34dhpac_e": null,
    "EX_3amp_e": null,
    "EX_3cmp_e": null,
    "EX_3gmp_e": null,
    "EX_3hcinnm_e": null,
    "EX_3hoxpac_e": null,
    "EX_3hpp_e": null,
    "EX_3hpppn_e": null,
    "EX_3ntym_e": null,
    "EX_3pg_e": null,
    "EX_3ump_e": null,
    "EX_4abut_e": null,
    "EX_4abz_e": null,
    "EX_4hoxpac_e": null,
    "EX_4hoxpacd_e": null,
    "EX_4hphac_e_copy1": null,
    "EX_4hphac_e_copy2": null,
    "EX_4hthr_e": null,
    "EX_5dglcn_e": null,
    "EX_5mtr_e": null,
    "EX_6apa_e": null,
    "EX_AEP_e": null,
    "EX_KOKDOLIPA_e": null,
    "EX_LalaDgluMdapDala_e": null,
    "EX_LalaDgluMdap_e": null,
    "EX_LalaDglu_e": null,
    "EX_LalaLglu_e": null,
    "EX_SALCHS4FE_e": null,
    "EX_SALCHS4_e": null,
    "EX_SALCHSX_e": null,
    "EX_abt__D_e": null,
    "EX_ac_e": null,
    "EX_acac_e": null,
    "EX_acald_e": null,
    "EX_acgal1p_e": null,
    "EX_acgal_e": null,
    "EX_acgam1p_e": null,
    "EX_acgam_e": null,
    "EX_acmana_e": null,
    "EX_acmum_e": null,
    "EX_acnam_e": null,
    "EX_acolipa_e": null,
    "EX_acon_C_e": null,
    "EX_acser_e": null,
    "EX_ade_e": null,
    "EX_adn_e": null,
    "EX_adocbl_e": null,
    "EX_ag_e": null,
    "EX_agm_e": null,
    "EX_airs_e": null,
    "EX_akg_e": null,
    "EX_ala_B_e": null,
    "EX_ala__D_e": null,
    "EX_ala__L_e": null,
    "EX_alaala_e": null,
    "EX_all__D_e": null,
    "EX_alltn_e": null,
    "EX_amp_e": null,
    "EX_anhgm_e": null,
    "EX_arab__D_e": null,
    "EX_arab__L_e": null,
    "EX_arbt_e": null,
    "EX_arbtn_e": null,
    "EX_arbtn_fe3_e": null,
    "EX_arg__L_e": null,
    "EX_ascb__L_e": null,
    "EX_asn__L_e": null,
    "EX_aso3_e": null,
    "EX_asp__L_e": null,
    "EX_btd_RR_e": null,
    "EX_btn_e": null,
    "EX_but_e": null,
    "EX_butso3_e": null,
    "EX_bz_e": null,
    "EX_ca2_e": null,
    "EX_cbi_e": null,
    "EX_cbl1_e": null,
    "EX_cd2_e": null,
    "EX_cellb_e": null,
    "EX_cgly_e": null,
    "EX_chitob_e": null,
    "EX_chol_e": null,
    "EX_chtbs_e": null,
    "EX_cit_e": null,
    "EX_cl_e": null,
    "EX_cm_e": null,
    "EX_cmp_e": null,
    "EX_co2_e": null,
    "EX_cobalt2_e": null,
    "EX_colipa20Oag_e": null,
    "EX_colipaOA_e": null,
    "EX_colipa_e": null,
    "EX_colipap_e": null,
    "EX_cpgn_e": null,
    "EX_cpgn_un_e": null,
    "EX_crn__D_e": null,
    "EX_crn_e": null,
    "EX_csn_e": null,
    "EX_cu2_e": null,
    "EX_cu_e": null,
    "EX_cyan_e": null,
    "EX_cynt_e": null,
    "EX_cys__D_e": null,
    "EX_cys__L_e": null,
    "EX_cysi__L_e": null,
    "EX_cytd_e": null,
    "EX_dad_2_e": null,
    "EX_damp_e": null,
    "EX_dca_e": null,
    "EX_dcmp_e": null,
    "EX_dcyt_e": null,
    "EX_ddca_e": null,
    "EX_dgmp_e": null,
    "EX_dgsn_e": null,
    "EX_dha_e": null,
    "EX_diact_e": null,
    "EX_dimp_e": null,
    "EX_din_e": null,
    "EX_dms_e": null,
    "EX_dmso_e": null,
    "EX_dopa_e": null,
    "EX_doxrbcn_e": null,
    "EX_drib_e": null,
    "EX_dtmp_e": null,
    "EX_dump_e": null,
    "EX_duri_e": null,
    "EX_dxyl_e": null,
    "EX_eca4colipa_e": null,
    "EX_enlipa_e": null,
    "EX_enter_e": null,
    "EX_etha_e": null,
    "EX_ethso3_e": null,
    "EX_etoh_e": null,
    "EX_f6p_e": null,
    "EX_fald_e": null,
    "EX_fe2_e": null,
    "EX_fe3_e": null,
    "EX_fe3dcit_e": null,
    "EX_fe3dhbzs3_e": null,
    "EX_fe3dhbzs_e": null,
    "EX_fe3hox_e": null,
    "EX_fe3hox_un_e": null,
    "EX_fe_e": null,
    "EX_fecrm_e": null,
    "EX_fecrm_un_e": null,
    "EX_feenter_e": null,
    "EX_feoxam_e": null,
    "EX_feoxam_un_e": null,
    "EX_feroxB_e": null,
    "EX_feroxBfe_e": null,
    "EX_feroxE_e": null,
    "EX_feroxEfe_e": null,
    "EX_feroxG_e": null,
    "EX_feroxGfe_e": null,
    "EX_foam_e": null,
    "EX_for_e": null,
    "EX_fru_e": null,
    "EX_frulys_e": null,
    "EX_fruur_e": null,
    "EX_fuc__L_e": null,
    "EX_fum_e": null,
    "EX_fusa_e": null,
    "EX_g1p_e": null,
    "EX_g3pc_e": null,
    "EX_g3pe_e": null,
    "EX_g3pg_e": null,
    "EX_g3pi_e": null,
    "EX_g3ps_e": null,
    "EX_g6p_e": null,
    "EX_gal1p_e": null,
    "EX_gal_bD_e": null,
    "EX_gal_e": null,
    "EX_galam_e": null,
    "EX_galct__D_e": null,
    "EX_galctn__D_e": null,
    "EX_galctn__L_e": null,
    "EX_galt_e": null,
    "EX_galur_e": null,
    "EX_gam6p_e": null,
    "EX_gam_e": null,
    "EX_gbbtn_e": null,
    "EX_gdp_e": null,
    "EX_glc__D_e": null,
    "EX_glcn_e": null,
    "EX_glcr_e": null,
    "EX_glcur1p_e": null,
    "EX_glcur_e": null,
    "EX_gln__L_e": null,
    "EX_glu__L_e": null,
    "EX_gly_e": null,
    "EX_glyald_e": null,
    "EX_glyb_e": null,
    "EX_glyc2p_e": null,
    "EX_glyc3p_e": null,
    "EX_glyc__R_e": null,
    "EX_glyc_e": null,
    "EX_glyclt_e": null,
    "EX_gmp_e": null,
    "EX_gsn_e": null,
    "EX_gthox_e": null,
    "EX_gthrd_e": null,
    "EX_gtp_e": null,
    "EX_gua_e": null,
    "EX_guln__L_e": null,
    "EX_h2_e": null,
    "EX_h2o2_e": null,
    "EX_h2o_e": null,
    "EX_h2s_e": null,
    "EX_h_e": null,
    "EX_hacolipa_e": null,
    "EX_halipa_e": null,
    "EX_hdca_e": null,
    "EX_hdcea_e": null,
    "EX_hg2_e": null,
    "EX_his__L_e": null,
    "EX_hom__L_e": null,
    "EX_hxa_e": null,
    "EX_hxan_e": null,
    "EX_icit_e": null,
    "EX_idon__L_e": null,
    "EX_ile__L_e": null,
    "EX_imp_e": null,
    "EX_indole_e": null,
    "EX_inost_e": null,
    "EX_ins_e": null,
    "EX_isetac_e": null,
    "EX_k_e": null,
    "EX_kdo2lipid4_e": null,
    "EX_lac__D_e": null,
    "EX_lac__L_e": null,
    "EX_lcts_e": null,
    "EX_leu__L_e": null,
    "EX_lipa_cold_e": null,
    "EX_lipa_e": null,
    "EX_lipidA_core_e": null,
    "EX_lipoate_e": null,
    "EX_lys__L_e": null,
    "EX_lyx__L_e": null,
    "EX_mal__D_e": null,
    "EX_mal__L_e": null,
    "EX_malt_e": null,
    "EX_malthx_e": null,
    "EX_maltpt_e": null,
    "EX_malttr_e": null,
    "EX_maltttr_e": null,
    "EX_man6p_e": null,
    "EX_man_e": null,
    "EX_manglyc_e": null,
    "EX_melib_e": null,
    "EX_meoh_e": null,
    "EX_met__D_e": null,
    "EX_met__L_e": null,
    "EX_metsox_R__L_e": null,
    "EX_metsox_S__L_e": null,
    "EX_mg2_e": null,
    "EX_mincyc_e": null,
    "EX_minohp_e": null,
    "EX_mmet_e": null,
    "EX_mn2_e": null,
    "EX_mnl_e": null,
    "EX_mobd_e": null,
    "EX_mso3_e": null,
    "EX_n2o_e": null,
    "EX_na1_e": null,
    "EX_nac_e": null,
    "EX_nh4_e": null,
    "EX_ni2_e": null,
    "EX_nmn_e": null,
    "EX_no2_e": null,
    "EX_no3_e": null,
    "EX_no_e": null,
    "EX_novbcn_e": null,
    "EX_o16a4colipa_e": null,
    "EX_o2_e": null,
    "EX_o2s_e": null,
    "EX_o6a4colipa_e": null,
    "EX_oaa_e": null,
    "EX_ocdca_e": null,
    "EX_ocdcea_e": null,
    "EX_octa_e": null,
    "EX_orn_e": null,
    "EX_orot_e": null,
    "EX_pac_e": null,
    "EX_pacald_e": null,
    "EX_peamn_e": null,
    "EX_peng_e": null,
    "EX_pep_e": null,
    "EX_phe__L_e": null,
    "EX_pheme_e": null,
    "EX_pi_e": null,
    "EX_pnto__R_e": null,
    "EX_ppa_e": null,
    "EX_ppal_e": null,
    "EX_pppn_e": null,
    "EX_ppt_e": null,
    "EX_pro__L_e": null,
    "EX_progly_e": null,
    "EX_psclys_e": null,
    "EX_pser__L_e": null,
    "EX_ptrc_e": null,
    "EX_pydam_e": null,
    "EX_pydx_e": null,
    "EX_pydxn_e": null,
    "EX_pyr_e": null,
    "EX_quin_e": null,
    "EX_r5p_e": null,
    "EX_raffin_e": null,
    "EX_rbt_e": null,
    "EX_remnant1_e": null,
    "EX_rfamp_e": null,
    "EX_rib__D_e": null,
    "EX_rmn_e": null,
    "EX_rnam_e": null,
    "EX_salchs2_e": null,
    "EX_salchs2fe_e": null,
    "EX_salcn_e": null,
    "EX_sbt__D_e": null,
    "EX_sel_e": null,
    "EX_ser__D_e": null,
    "EX_ser__L_e": null,
    "EX_skm_e": null,
    "EX_slnt_e": null,
    "EX_so2_e": null,
    "EX_so3_e": null,
    "EX_so4_e": null,
    "EX_spmd_e": null,
    "EX_succ_e": null,
    "EX_sucr_e": null,
    "EX_sulfac_e": null,
    "EX_tag__D_e": null,
    "EX_tartr__D_e": null,
    "EX_tartr__L_e": null,
    "EX_taur_e": null,
    "EX_tcb_e": null,
    "EX_tcynt_e": null,
    "EX_tet_e": null,
    "EX_thf_c": null,
    "EX_thm_e": null,
    "EX_thr__L_e": null,
    "EX_thrp_e": null,
    "EX_thym_e": null,
    "EX_thymd_e": null,
    "EX_tma_e": null,
    "EX_tmao_e": null,
    "EX_tre_e": null,
    "EX_trp__L_e": null,
    "EX_tsul_e": null,
    "EX_ttdca_e": null,
    "EX_ttdcea_e": null,
    "EX_tton_e": null,
    "EX_ttrcyc_e": null,
    "EX_tungs_e": null,
    "EX_tym_e": null,
    "EX_tyr__L_e": null,
    "EX_tyrp_e": null,
    "EX_uacgam_e": null,
    "EX_udcpo4_e": null,
    "EX_udcpo5_e": null,
    "EX_udpacgal_e": null,
    "EX_udpg_e": null,
    "EX_udpgal_e": null,
    "EX_udpglcur_e": null,
    "EX_ump_e": null,
    "EX_ura_e": null,
    "EX_urea_e": null,
    "EX_uri_e": null,
    "EX_val__L_e": null,
    "EX_xan_e": null,
    "EX_xmp_e": null,
    "EX_xtsn_e": null,
    "EX_xyl__D_e": null,
    "EX_xylu__L_e": null,
    "EX_zn2_e": null
}