{
    "EX_26dap__M_e": null,
    "EX_Cit_Mg_e": null,
    "EX_acgam_e": null,
    "EX_acnam_e": null,
    "EX_adn_e": null,
    "EX_akg_e": null,
    "EX_ala__D_e": null,
    "EX_ala__L_e": null,
    "EX_arg__L_e": null,
    "EX_asp__L_e": null,
    "EX_btn_e": null,
    "EX_chol_e": null,
    "EX_co2_e": null,
    "EX_cobalt2_e": null,
    "EX_crn_e": null,
    "EX_csn_e": null,
    "EX_cu2_e": null,
    "EX_cys__L_e": null,
    "EX_cytd_e": null,
    "EX_etoh_e": null,
    "EX_fe2_e": null,
    "EX_for_e": null,
    "EX_fru_e": null,
    "EX_galt_e": null,
    "EX_glc__D_e": null,
    "EX_glcn_e": null,
    "EX_glu__L_e": null,
    "EX_gly_e": null,
    "EX_glyald_e": null,
    "EX_glyb_e": null,
    "EX_glyc3p_e": null,
    "EX_glyc_e": null,
    "EX_gua_e": null,
    "EX_h2o_e": null,
    "EX_h_e": null,
    "EX_hdca_e": null,
    "EX_his__L_e": null,
    "EX_ile__L_e": null,
    "EX_k_e": null,
    "EX_lac__D_e": null,
    "EX_lac__L_e": null,
    "EX_lcts_e": null,
    "EX_leu__L_e": null,
    "EX_lys__L_e": null,
    "EX_mal__L_e": null,
    "EX_malt_e": null,
    "EX_man_e": null,
    "EX_met__L_e": null,
    "EX_mg2_e": null,
    "EX_mn2_e": null,
    "EX_mnl_e": null,
    "EX_mobd_e": null,
    "EX_na1_e": null,
    "EX_nac_e": null,
    "EX_ncam_e": null,
    "EX_nh4_e": null,
    "EX_ni2_e": null,
    "EX_no2_e": null,
    "EX_no3_e": null,
    "EX_o2_e": null,
    "EX_orn_e": null,
    "EX_phe__L_e": null,
    "EX_pheme_e": null,
    "EX_pi_e": null,
    "EX_pro__L_e": null,
    "EX_ptrc_e": null,
    "EX_rib__D_e": null,
    "EX_salcn_e": null,
    "EX_ser__L_e": null,
    "EX_so4_e": null,
    "EX_spmd_e": null,
    "EX_sucr_e": null,
    "EX_thm_e": null,
    "EX_thr__L_e": null,
    "EX_thymd_e": null,
    "EX_tre_e": null,
    "EX_trp__L_e": null,
    "EX_tyr__L_e": null,
    "EX_ura_e": null,
    "EX_urea_e": null,
    "EX_uri_e": null,
    "EX_val__L_e": null,
    "EX_xan_e": null,
    "EX_zn2_e": null
}