{
    "EX_ac_e": null,
    "EX_akg_e": null,
    "EX_ala__L_e": null,
    "EX_arg__L_e": null,
    "EX_ca2_e": null,
    "EX_cit_e": null,
    "EX_co2_e": null,
    "EX_co_e": null,
    "EX_cobalt2_e": null,
    "EX_cu2_e": null,
    "EX_cynt_e": null,
    "EX_fe2_e": null,
    "EX_fe3_e": null,
    "EX_fru_e": null,
    "EX_fum_e": null,
    "EX_glc__D_e": null,
    "EX_glcglyc_e": null,
    "EX_gln__L_e": null,
    "EX_glu__L_e": null,
    "EX_gly_e": null,
    "EX_h2_e": null,
    "EX_h2o_e": null,
    "EX_h_e": null,
    "EX_hco3_e": null,
    "EX_his__L_e": null,
    "EX_k_e": null,
    "EX_leu__L_e": null,
    "EX_lys__L_e": null,
    "EX_mal__L_e": null,
    "EX_mg2_e": null,
    "EX_mn2_e": null,
    "EX_mobd_e": null,
    "EX_na1_e": null,
    "EX_nh4_e": null,
    "EX_ni2_e": null,
    "EX_no3_e": null,
    "EX_o2_e": null,
    "EX_photon_e": null,
    "EX_pi_e": null,
    "EX_pro__L_e": null,
    "EX_ptrc_e": null,
    "EX_pyr_e": null,
    "EX_ser__L_e": null,
    "EX_so4_e": null,
    "EX_spmd_e": null,
    "EX_succ_e": null,
    "EX_sucr_e": null,
    "EX_urea_e": null,
    "EX_zn2_e": null
}