{
    "EX_ac_e": null,
    "EX_ala__L_e": null,
    "EX_amylose300_e": null,
    "EX_arab__L_e": null,
    "EX_cell4_e": null,
    "EX_cell500_e": null,
    "EX_cell6_e": null,
    "EX_cellb_e": null,
    "EX_co2_e": null,
    "EX_csn_e": null,
    "EX_fe2_e": null,
    "EX_fe3_e": null,
    "EX_fru_e": null,
    "EX_gal_e": null,
    "EX_galman4_e": null,
    "EX_galman600_e": null,
    "EX_galman6_e": null,
    "EX_glc__D_e": null,
    "EX_glcman4_e": null,
    "EX_glcman600_e": null,
    "EX_glcman6_e": null,
    "EX_glucan1500_e": null,
    "EX_glucan4_e": null,
    "EX_glucan6_e": null,
    "EX_glyc3p_e": null,
    "EX_glyc_e": null,
    "EX_glycogen1500_e": null,
    "EX_h2_e": null,
    "EX_h2o_e": null,
    "EX_h2s_e": null,
    "EX_h_e": null,
    "EX_hco3_e": null,
    "EX_ile__L_e": null,
    "EX_inost_e": null,
    "EX_k_e": null,
    "EX_lac__L_e": null,
    "EX_lcts_e": null,
    "EX_leu__L_e": null,
    "EX_lmn30_e": null,
    "EX_lmnrib_e": null,
    "EX_malt_e": null,
    "EX_malttr_e": null,
    "EX_maltttr_e": null,
    "EX_man_e": null,
    "EX_manb_e": null,
    "EX_mantr_e": null,
    "EX_manttr_e": null,
    "EX_melib_e": null,
    "EX_mg2_e": null,
    "EX_na1_e": null,
    "EX_nh4_e": null,
    "EX_oxa_e": null,
    "EX_pi_e": null,
    "EX_ptrc_e": null,
    "EX_pullulan1200_e": null,
    "EX_raffin_e": null,
    "EX_rib__D_e": null,
    "EX_rmn_e": null,
    "EX_s_e": null,
    "EX_spmd_e": null,
    "EX_starch1200_e": null,
    "EX_sucr_e": null,
    "EX_thr__L_e": null,
    "EX_tre_e": null,
    "EX_ura_e": null,
    "EX_val__L_e": null,
    "EX_xan_e": null,
    "EX_xtsn_e": null,
    "EX_xyl3_e": null,
    "EX_xyl__D_e": null,
    "EX_xylan12_e": null,
    "EX_xylan4_e": null,
    "EX_xylan8_e": null,
    "EX_xylb_e": null,
    "EX_zn2_e": null
}